SYMBOL,SERIES,OPEN,HIGH,LOW,CLOSE,LAST,PREVCLOSE,TOTTRDQTY,TOTTRDVAL,TOTALTRADES,ISIN
20MICRONS,EQ,37.8,37.8,36.15,36.85,37.4,37.05,27130,994657.9,202,INE144J01027
3IINFOTECH,EQ,4.1,4.85,4,4.55,4.65,4.05,20157058,92148517.65,7353,INE748C01020
3MINDIA,EQ,13425.15,13469.55,12920,13266.7,13300,13460.55,2290,30304923.35,748,INE470A01017
63MOONS,EQ,61,61.9,60.35,61,61.1,60.65,27701,1689421,437,INE111B01023
8KMILES,EQ,546.1,548,535,537.45,535.2,547.45,79722,43208620.05,1866,INE650K01021
A2ZINFRA,EQ,41.3,43,41.25,42,41.9,41.5,606403,25531181.75,3418,INE619I01012
AARTIDRUGS,EQ,539.9,539.9,520,521.85,522.2,536.55,8560,4508881.6,569,INE767A01016
AARTIIND,EQ,890.95,894.9,876.9,891.3,890,890,39201,34825375.6,2778,INE769A01020
AARVEEDEN,EQ,58.2,61.2,57,59.5,59.8,58.85,14401,855816.85,223,INE273D01019
ABAN,EQ,183,184.65,180.8,182.1,181.9,182.65,447698,81789443.55,5449,INE421A01028
ABB,EQ,1444,1459.7,1424,1452,1452.5,1440.75,49387,71439819.25,15129,INE117A01022
ABBOTINDIA,EQ,4300,4305,4230,4236.1,4236.25,4243.25,717,3042690.85,151,INE358A01014
ABFRL,EQ,169.75,173.3,166.2,166.55,166.75,169.95,383781,65051305.1,4460,INE647O01011
ABIRLANUVO,EQ,1806,1816.95,1791.5,1804.45,1812.65,1811.9,679929,1226013782.4,15261,INE069A01017
ACC,EQ,1573,1591.9,1541.25,1580.05,1578.05,1578.55,693964,1087888614.8,27799,INE012A01025
ACCELYA,EQ,1326,1339,1320,1331,1331,1326.7,577,766892.6,93,INE793A01012
ACE,EQ,67.5,69.85,66.65,68.8,68.7,67.45,220159,15120532.5,1591,INE731H01025
ADANIENT,EQ,132.3,136.7,132.1,134.4,134.2,131,14293742,1925870944.95,61862,INE423A01024
ADANIPORTS,EQ,368.4,369.65,363.05,364.5,364.35,367.7,2394375,876217934.5,53764,INE742F01042
ADANIPOWER,EQ,27.1,28.45,26.75,28.25,28.35,27.1,12240267,340122683.45,21224,INE814H01011
ADANITRANS,EQ,125.75,128.65,119,123.25,123.05,124.05,1234126,153938120.75,9268,INE931S01010
ADFFOODS,EQ,245.1,254.8,242.1,247.95,247,246.85,251247,62460769.45,4060,INE982B01019
ADHUNIK,EQ,5.75,6,5.75,5.8,5.8,5.85,25759,150245,1113,INE400H01019
ADHUNIKIND,EQ,102.3,104.8,95.1,100.45,97.05,100.5,272916,27640589.05,1082,INE452L01012
ADLABS,EQ,76.2,79.3,76.2,76.75,77,77.25,433724,33751086.8,3943,INE172N01012
ADORWELD,EQ,369.05,372.35,366.5,370.1,369.95,370.3,5050,1867987.2,361,INE045A01017
ADVANIHOTR,EQ,56.7,58.45,55.6,56.55,56.65,56.8,8210,469179,110,INE199C01026
ADVENZYMES,EQ,318,329.8,311,323.05,322.7,316.75,545246,175397892.6,7913,INE837H01020
AEGISCHEM,EQ,184.8,185.7,180,185.15,185.1,182.7,79110,14555822.85,1444,INE208C01025
AGRITECH,EQ,58.95,58.95,55.8,55.8,55.8,58.7,13215,743989.15,168,INE449G01018
AHLEAST,EQ,290,290,290,290,290,290,233,67570,4,INE926K01017
AHLUCONT,EQ,322.15,327.55,320.05,321.95,320.1,320.05,34586,11143794.45,220,INE758C01029
AHLWEST,EQ,165,168,165,165,165,163.1,365,60235,11,INE915K01010
AIAENG,EQ,1349.55,1369,1330.55,1354.8,1348.95,1347.05,121696,164749702.5,3159,INE212H01026
AIFL,EQ,418,434,418,422.2,419.8,419.3,130566,55703255.4,3186,INE428O01016
AJANTPHARM,EQ,1519,1559.4,1507.05,1548.25,1544.05,1517.35,134757,207145165.1,8396,INE031B01049
AJMERA,EQ,212.85,220.5,207.25,218.8,218.55,212.9,70640,15278350.95,2242,INE298G01027
AKSHARCHEM,EQ,760.95,772,750,757.1,760,765.5,5070,3849667.1,446,INE542B01011
AKSHOPTFBR,EQ,17.2,17.25,17,17.05,17.1,17.1,409778,6994860.45,922,INE523B01011
AKZOINDIA,EQ,1810,1865.95,1801.05,1839.45,1825.1,1812.85,9218,16916949.1,1587,INE133A01011
ALBERTDAVD,EQ,307,315,307,310.85,314,307.7,2210,685666.55,73,INE155C01010
ALBK,EQ,66.6,67.45,65.8,67,67.05,67,3255224,217836883.65,16001,INE428A01015
ALCHEM,EQ,15.55,15.55,14.2,15.25,15.3,15.6,16581,246493.55,136,INE964B01033
ALEMBICLTD,EQ,38.4,38.8,37.7,38.35,38.3,37.85,257835,9867629.25,1403,INE426A01027
ALICON,EQ,477,492.4,477,485.5,483.55,478.9,2007,978374.2,93,INE062D01024
ALKALI,EQ,64.5,64.5,62,62.6,63.4,64.3,15227,967056,178,INE773I01017
APLAPOLLO,EQ,1552.1,1552.1,1510,1521.15,1511.05,1533.35,7484,11495117.8,922,INE702C01019
APLLTD,EQ,505,509.1,498,505.15,505,504.25,68560,34524233.25,4173,INE901L01018
APOLLOHOSP,EQ,1279,1285.1,1261.45,1276.35,1279,1279.6,194333,248225704.05,9788,INE437A01024
APOLLOTYRE,EQ,240,245.75,237.5,244.3,245.1,243.25,4211405,1016691003.9,47558,INE438A01022
APOLSINHOT,EQ,789.75,789.75,772.05,789,789,754.8,8,6297.2,5,INE451F01016
APTECHT,EQ,192,195.4,188.9,191.9,191,192.35,391382,75610630.75,4793,INE266F01018
ARCHIDPLY,EQ,85.9,88.45,83.85,86,85.6,86.75,70562,6093363,979,INE877I01016
ARCHIES,EQ,29.75,31,29.65,30.6,30.35,30.25,74453,2259654.95,321,INE731A01020
ARCOTECH,EQ,93.9,104.3,92.6,97.45,96.4,96.25,2264763,225858900.2,18621,INE574I01035
ARIES,EQ,148.5,153.55,147,150.05,149.15,148.5,42389,6404705.2,1317,INE298I01015
ARIHANTSUP,EQ,187.05,187.6,183.5,184.25,184.15,185.85,751763,139079274.25,4443,INE643K01018
ARMANFIN,EQ,195.95,195.95,188,188.95,188.2,191.25,6899,1302422.35,111,INE109C01017
AROGRANITE,EQ,73,73.5,71.65,73,73.25,73.05,17914,1303970.65,299,INE210C01013
ARROWGREEN,EQ,571.35,574.8,551,555.25,554,542.55,153582,86097437.75,5196,INE570D01018
ARROWTEX,EQ,45.3,45.5,44.6,44.9,44.6,45,6949,312011.25,72,INE933J01015
ARSHIYA,EQ,67.15,70.4,67,67.7,68.5,68.05,76523,5255619.4,727,INE968D01022
ARSSINFRA,EQ,64.7,65.95,64,64.8,64.5,64.8,90408,5866561.3,1641,INE267I01010
ARVIND,EQ,359.5,364.6,353.25,356.1,356.05,360.2,1112671,398824685.3,15554,INE034A01011
ARVSMART,EQ,135.95,136.95,133,133.95,134,135.45,44067,5960436,500,INE034S01021
ASAHIINDIA,EQ,243,245.4,240.1,243.7,242.3,243.1,18757,4544180,421,INE439A01020
ASAHISONG,EQ,279.5,285.4,279.5,280.75,280.25,281.55,7846,2208622.3,213,INE228I01012
ASAL,EQ,70,70.5,67,67.7,68,70.5,11637,803797.9,72,INE900C01027
ASHAPURMIN,EQ,57.25,57.3,56.05,56.25,56.2,57.65,43758,2477785.7,488,INE348A01023
ASHIANA,EQ,196,197,188.4,190.05,189.65,195.55,53087,10151982.95,1120,INE365D01021
ASHIMASYN,EQ,18.95,19.35,18.6,18.75,18.7,19.05,124406,2350683.85,380,INE440A01010
ASHOKA,EQ,182.75,187.35,178.75,183.65,182.45,182.75,122700,22461348.55,1882,INE442H01029
ASHOKLEY,EQ,90.9,92.75,90,92.2,92.55,91.1,4941835,453450561.2,24606,INE208A01029
BAJAJ-AUTO,EQ,2789,2801,2770.2,2777.05,2784.5,2779.3,284660,790886912.2,11631,INE917I01010
BAJAJCORP,EQ,377.8,377.95,374.15,375.4,375.95,378.05,15437,5805764.4,2107,INE933K01021
BAJAJELEC,EQ,325.95,333,324,325.05,324.2,324.6,115888,38140019,2826,INE193E01025
BAJAJFINSV,EQ,4025,4155,3950,4108.15,4152,4036.05,111692,453385413.25,9628,INE918I01018
BAJAJHIND,EQ,14.4,14.8,14.25,14.35,14.4,14.35,1859366,26864357.2,2916,INE306A01021
BAJAJHLDNG,EQ,2111.05,2111.05,2094.8,2100.55,2100,2104.9,7517,15791180.85,2103,INE118A01012
BAJFINANCE,EQ,1341,1377,1313.9,1372.35,1371,1349.95,998218,1351490429.3,30259,INE296A01024
BALAJITELE,EQ,133.05,135.45,130,133,133,132.8,348436,46397004.6,3798,INE794B01026
BALAMINES,EQ,332.1,338.35,325,328.8,327,332.5,10296,3387662.05,382,INE050E01027
BALKRISHNA,EQ,76.15,77.45,74,74.35,74.65,76.25,9727,733294.95,164,INE875R01011
BALKRISIND,EQ,1641,1659.3,1620,1642.05,1640.65,1643.8,156780,257053151.35,9071,INE787D01026
BALLARPUR,EQ,15.25,15.7,15.25,15.55,15.7,15.35,645686,10031299.95,1022,INE294A01037
BALMLAWRIE,EQ,214.75,217.4,213.1,216.8,217.3,214.75,65851,14181464.25,2119,INE164A01016
BALPHARMA,EQ,103,103,97,97.45,97.4,101.35,39832,3913358.35,590,INE083D01012
BALRAMCHIN,EQ,144.5,149.8,144.5,149.15,149.25,146.15,1287259,191024061.7,10278,INE119A01028
BANARBEADS,EQ,70.05,71.95,70,70.45,70.5,70.25,2230,157624.25,18,INE655B01011
BANKINDIA,EQ,132,137.65,131.35,136.75,136.55,133.55,4789755,646377589.3,22220,INE084A01016
BANSWRAS,EQ,180.65,180.7,170,177.65,175.5,173.75,5051,898903.75,163,INE629D01012
BARTRONICS,EQ,14,14.3,13.95,14.15,14.2,14.05,55604,783309.4,208,INE855F01034
BASF,EQ,1560,1619,1556,1600.65,1608,1563.45,20518,32463014.4,2172,INE373A01013
BASML,EQ,293.6,304,293.6,297.45,300,298.7,2534,755644.6,45,INE186H01014
BATAINDIA,EQ,534.7,534.7,522.65,529.05,525.6,530.05,265998,140485457.35,6370,INE176A01028
BAYERCROP,EQ,4610.7,4610.7,4570,4586.85,4580.35,4610.7,21716,99571637.35,6356,INE462A01022
BBL,EQ,1386,1440.45,1346.35,1413.45,1413.9,1385.1,58299,82071715.5,3780,INE464A01028
BBTC,EQ,875.1,892.5,873.95,886.95,890,880.85,53341,47093416.2,2105,INE050A01025
BEARDSELL,EQ,53.05,54.5,52.1,54.5,54.5,53.05,584,30772.25,20,INE520H01022
BEL,EQ,159.8,162,157.6,159.75,159.6,160.55,3571077,572907986.55,33232,INE263A01024
BEML,EQ,1477,1489.8,1430.15,1438.2,1437,1483.9,718466,1039799004.55,18735,INE258A01016
BEPL,EQ,51.3,59.6,50.4,58.8,58.4,51.35,11219707,641921830.6,34799,INE922A01025
BERGEPAINT,EQ,240,240.65,234.4,236.35,237,241.55,593353,140718216.05,39789,INE463A01038
BFINVEST,EQ,180,185.3,178,182.95,183.3,180.8,126629,23045341.4,2540,INE878K01010
BFUTILITIE,EQ,383.2,387.7,373,383.7,383.5,386.1,268032,102647591.2,7153,INE243D01012
BGRENERGY,EQ,142.85,144.45,140.65,142.95,142.85,142.55,117098,16704491.7,1795,INE661I01014
BHAGERIA,EQ,299.8,305.8,296,300.5,299.2,299.8,16544,4999019.3,1060,INE354C01027
BHAGYANGR,EQ,24.5,27.65,23.75,25.55,25.4,24.9,137313,3629877.5,648,INE458B01036
BHANDARI,EQ,2.4,2.45,2.3,2.3,2.3,2.3,139347,329380.3,59,INE474E01029
BHARATFIN,EQ,701.15,709,698,704.15,702.9,707.2,1036526,728890190.1,18753,INE180K01011
BHARATFORG,EQ,1084,1087,1052.9,1059.1,1064,1090.2,1132585,1210982745.8,28954,INE465A01025
BHARATGEAR,EQ,130,142,129,139.15,138.1,131.2,148634,20672311.85,2814,INE561C01019
BHARATIDIL,EQ,8.4,9.2,8.4,8.65,8.8,8.9,28430,249167.35,78,INE673G01013
BHARATRAS,EQ,2902.05,3000,2890,2984.75,2980,2923.8,1114,3268945.4,199,INE838B01013
BHARATWIRE,EQ,89.55,90.85,87.5,88.25,88.5,89.35,148461,13246527.85,963,INE316L01019
BHARTIARTL,EQ,374.9,381.65,367.5,377.2,378.7,371.45,3794226,1415125621.5,57586,INE397D01024
BHEL,EQ,134.1,136.8,132.5,136.3,136.55,134.4,3060003,413250882.45,16580,INE257A01026
BHUSANSTL,EQ,68.35,68.7,65.2,66.05,65.8,68.4,1765947,117462431.25,13477,INE824B01021
BIGBLOC,EQ,85.5,85.75,84.5,85.1,85.5,86,17606,1501398.3,153,INE412U01017
BIL,EQ,589.25,595,576.1,580.3,576.5,591.8,25743,15172095.4,711,INE828A01016
BILENERGY,EQ,0.75,0.75,0.75,0.75,0.75,0.8,10000,7500,2,INE607L01029
BILPOWER,EQ,1.4,1.4,1.4,1.4,1.4,1.4,391,547.4,1,INE952D01018
BINANIIND,EQ,74.8,75.75,73.5,73.85,73.6,73.75,19525,1446276.1,294,INE071A01013
BINDALAGRO,EQ,23.5,23.9,23.35,23.55,23.5,23.45,35071,825632.95,169,INE143A01010
BIOCON,EQ,322.95,329.55,319.25,328,329.55,322.95,1010224,328444657.05,15477,INE376G01013
BIRLACABLE,EQ,41.95,42,41,41.45,41.3,41.3,9666,403029.5,180,INE800A01015
BIRLACORPN,EQ,879.85,879.85,862.15,868,867.95,868.75,6756,5880058.35,647,INE340A01012
BIRLAMONEY,EQ,66.95,68,65.85,67,67,66,1200518,80371199.1,6941,INE865C01022
BLISSGVS,EQ,154.8,161.1,152.8,155.4,155.65,153.85,236857,37113944.35,2525,INE416D01022
BLKASHYAP,EQ,36,36.6,35.1,35.5,35.8,35.95,183728,6576063.9,708,INE350H01032
BLS,EQ,182.3,192.4,180,191.05,191.5,181.2,68481,12955658.8,791,INE153T01027
BLUEBLENDS,EQ,61.4,61.5,55.5,55.95,55.5,61.65,285726,16315861.1,1708,INE113O01014
BLUEDART,EQ,4249.95,4316.95,4213,4302.6,4291,4238.35,34738,149294718.5,1210,INE233B01017
BLUESTARCO,EQ,606.4,611,580,602.35,601,609.55,15255,9177727.75,1139,INE472A01039
BODALCHEM,EQ,158.7,158.7,156.1,157.25,156.5,157.85,102104,16054601.7,1791,INE338D01028
BOMDYEING,EQ,80.95,82.85,80.55,81.7,81.5,80.7,1860606,151984195.55,10717,INE032A01023
BOSCHLTD,EQ,23240,23550,23140.05,23309.05,23201.75,23247.5,8558,199775281.75,3004,INE323A01026
BPCL,EQ,610,624.6,608.65,616.7,617.1,612.05,3532200,2186043558.9,101719,INE029A01011
BPL,EQ,66.75,67.3,65,65.6,65.6,66.85,290619,19136328.6,2192,INE110A01019
BRFL,EQ,134,136,129.1,134.6,134,133.6,152446,20385217.05,931,INE589G01011
BRIGADE,EQ,266.2,272.6,262.8,268.1,265.95,267.4,50789,13614915.35,1796,INE791I01019
BRITANNIA,EQ,3645,3675.6,3590.05,3636.15,3650,3647.55,128578,466377664.35,20470,INE216A01022
BROOKS,EQ,105.85,105.85,101.1,102.5,103.5,104,28907,2983724.75,475,INE650L01011
BSE,EQ,1048,1080.5,1040,1074.05,1074,1048.3,73849,78373269.6,3564,INE118H01025
BSELINFRA,EQ,4.3,4.3,4.05,4.2,4.2,4.2,53089,223217.15,70,INE395A01016
BSL,EQ,72.9,74.85,72.9,73.15,72.95,73,2343,172028.3,26,INE594B01012
BSLGOLDETF,EQ,2739,2739,2666,2666,2666,2691,7,18808,4,INF209K01HT2
BSLIMITED,EQ,1.65,1.65,1.55,1.65,1.6,1.65,445735,714168.95,340,INE043K01029
CADILAHC,EQ,526.4,532,522.1,527.7,528,526.6,541658,285714223.85,12777,INE010B01027
CAMLINFINE,EQ,90.7,92,85.35,86.2,85.85,89.6,461229,41117790.65,4490,INE052I01032
CANBK,EQ,318.4,328,317.1,326,327.4,323.8,3746081,1212070236.95,28818,INE476A01014
CANFINHOME,EQ,3035,3125,3000,3109.35,3121,3066.25,187811,578042840.5,11898,INE477A01012
CANTABIL,EQ,67.05,68.5,67.05,67.5,67.3,67.8,4882,329561.75,30,INE068L01016
CAPF,EQ,650,674,642.1,670.75,671,657,653341,432519790.2,14951,INE688I01017
CAPLIPOINT,EQ,563,566.95,550.05,553.25,552.95,563.35,45394,25341714.45,3038,INE475E01026
CAPTRUST,EQ,375,377.5,370,375.4,377.5,373.4,2046,766766.55,71,INE707C01018
CARBORUNIV,EQ,323.6,331,321.3,322.85,322,325.3,56194,18207175.95,2487,INE120A01034
CAREERP,EQ,98.7,104,98.7,102.4,103,99.35,11229,1151505.05,367,INE521J01018
CARERATING,EQ,1438,1473,1404.45,1422.2,1415,1438.05,22380,32184042.15,3481,INE752H01013
CASTEXTECH,EQ,7.1,8.2,6.5,7.8,8.15,7.2,3015092,22399796.4,2773,INE068D01021
CASTROLIND,EQ,406.95,407,402.5,403.55,403,406.35,590036,238613723.55,8595,INE172A01027
CCCL,EQ,5.25,5.4,5.15,5.15,5.15,5.4,300020,1556869.7,170,INE429I01024
CCHHL,EQ,13.3,14.5,13,13.85,13.9,12.65,1071704,14852353.55,2662,INE652F01027
CCL,EQ,285,293.9,281.15,287.65,287,282.55,56081,16127277.2,3507,INE421D01022
CEATLTD,EQ,1781,1820,1755.6,1809.8,1820,1781.65,807290,1446260248.7,23005,INE482A01020
CEBBCO,EQ,11,11.2,10.95,11.15,11.15,11.05,25921,287564.8,96,INE209L01016
CELEBRITY,EQ,14.9,14.9,13.75,14,14.2,14.4,49058,695867.45,215,INE185H01016
CELESTIAL,EQ,22.5,23,22.35,22.45,22.5,22.7,34752,783783.75,194,INE221I01017
CENTENKA,EQ,364,391.5,364,384.25,388.7,363.95,85831,32774149.8,3509,INE485A01015
CENTEXT,EQ,4.65,4.9,4.65,4.7,4.75,4.75,30006,141100.8,61,INE281A01026
CENTRALBK,EQ,88.5,88.9,87,87.4,87,88.85,754141,66142662.85,2888,INE483A01010
CENTUM,EQ,680.05,703,673,686.95,688,692.7,3148,2162600.95,203,INE320B01020
CENTURYPLY,EQ,289.5,302.5,289.5,300.85,301,290.9,150634,44815559.3,3029,INE348B01021
CENTURYTEX,EQ,1100,1117,1086.75,1104.45,1104,1102.9,723441,798204255.5,14862,INE055A01016
CERA,EQ,2869.65,2990,2815.05,2951.85,2951,2869.65,7599,21948984.1,1410,INE739E01017
CEREBRAINT,EQ,50,52,49.5,51,51.65,50.65,1203813,61319433.65,2401,INE345B01019
CESC,EQ,855,881,847.5,880,877.6,864.7,400190,346540704.4,12008,INE486A01013
CGCL,EQ,57.05,59,56.1,58,58.85,57.15,30579,1772095.9,226,INE180C01026
CGPOWER,EQ,78.65,80.55,78,80.25,80.2,80,1290396,102689132.1,8411,INE067A01029
CHAMBLFERT,EQ,111.5,118.95,110.25,117.9,118.75,113.35,966981,112315453.15,12624,INE085A01013
CHENNPETRO,EQ,353.7,353.7,346.55,348.2,348.5,350.8,186745,65238026.3,4488,INE178A01016
CIPLA,EQ,535.4,538.65,531,536.85,536.65,534.65,601643,321950114.45,21918,INE059A01026
CLEDUCATE,EQ,421.25,426,421.25,424.9,424.6,424.75,17303,7351512.25,265,INE201M01011
CLNINDIA,EQ,622.05,625.1,621.25,621.95,621.7,624.7,7918,4935781.05,427,INE492A01029
CMICABLES,EQ,215,217.9,212.1,216.2,216,211.6,98262,21071830.75,1254,INE981B01011
CNOVAPETRO,EQ,24.2,24.4,22.5,23.2,23.4,24.75,1713,40631.85,26,INE672K01025
COALINDIA,EQ,246,247.2,244.55,245.75,246,244.35,3526585,866748551.75,30476,INE522F01014
COFFEEDAY,EQ,242,244,240.95,242.1,242,240.95,14875,3602082.6,655,INE335K01011
COLPAL,EQ,1097.45,1097.45,1071,1088.45,1087,1093.8,433219,469913163.15,18370,INE259A01022
COMPINFO,EQ,23,23,21.8,22.35,22.25,22.35,82843,1851768.5,80,INE070C01037
COMPUSOFT,EQ,11.2,11.2,10.6,11,11,11.1,67621,736320.9,175,INE453B01029
CONCOR,EQ,1135.75,1184,1128.1,1132.1,1132,1133.85,300686,346134472.1,20758,INE111A01017
CONSOFINVT,EQ,71.75,71.75,68,69.05,68.15,69.4,11484,791018.3,186,INE025A01027
CONTROLPR,EQ,339.9,344.9,318.75,337.85,335,337.45,23916,7955214.9,808,INE663B01015
CORDSCABLE,EQ,106.2,116.7,105.8,113.65,116,107.2,117149,13217954.25,1314,INE792I01017
COROMANDEL,EQ,415,421.4,405.4,410.05,408.3,415.55,173919,71693809.7,6017,INE169A01031
CORPBANK,EQ,50.45,51.9,49.4,50.65,50.6,50.45,292134,14767423.9,1901,INE112A01023
DABUR,EQ,289.75,291.95,286.8,289.9,290,290,3270135,946739582.2,23130,INE016A01026
DALMIABHA,EQ,2380,2441.35,2350.95,2429.5,2435,2378.7,89307,213757663.4,5118,INE439L01019
DALMIASUG,EQ,122.1,126,120.55,124.7,125,122.1,67596,8402141.9,904,INE495A01022
DAMODARIND,EQ,82,84.25,81.4,83.35,83.45,82.1,3736,311541.4,63,INE497D01014
DATAMATICS,EQ,100.4,105,100.4,102.15,102.9,101,105389,10841045.5,2203,INE365B01017
DBCORP,EQ,376,377.95,367.55,376.1,373.35,377.6,17740,6631287.85,980,INE950I01011
DBL,EQ,412.8,429.05,407.25,421.75,424,409.9,893308,377169196.7,6120,INE917M01012
DBREALTY,EQ,39.2,40,38.7,39.4,39.3,39.55,235682,9293954.15,1357,INE879I01012
DBSTOCKBRO,EQ,8.6,8.75,8.6,8.75,8.75,8.75,705,6093,10,INE921B01025
DCBBANK,EQ,191,197.55,189.15,196.75,196.5,193.85,1714208,332985971.45,13594,INE503A01015
DCM,EQ,117.35,119.75,115.35,116.3,116,118.15,31279,3679588.75,346,INE498A01018
DCMSHRIRAM,EQ,340.1,345.75,334,338,337.05,342.65,48943,16668941.35,2406,INE499A01024
DCW,EQ,32.75,33.75,32.7,33,33,33.3,526498,17488331.25,936,INE500A01029
DECCANCE,EQ,1079,1090.95,1063.1,1081.4,1080,1073.35,3277,3538593.55,649,INE583C01013
DEEPAKFERT,EQ,268.75,272.5,266.2,269.65,269.1,268.85,87754,23702185.05,3203,INE501A01019
DEEPAKNTR,EQ,154.05,159.95,151.65,158.4,157.05,156.45,54401,8564922.4,1107,INE288B01029
DEEPIND,EQ,272.05,281.35,272.05,278.55,278.8,272.85,98342,27271137.35,1280,INE677H01012
DELTACORP,EQ,150.9,156.4,149.05,154.7,154.85,150.6,3073387,468982861.8,19163,INE124G01033
DEN,EQ,78.25,79,76.35,78.4,77.5,77.95,196837,15394577.85,1491,INE947J01015
DENABANK,EQ,33.15,34.05,33.1,33.3,33.25,33.5,752263,25169523.5,2529,INE077A01010
DENORA,EQ,244.8,254.5,243.5,253.8,254.2,247.65,2709,675468.15,292,INE244A01016
DFMFOODS,EQ,1400,1434.95,1361.2,1422.15,1426,1389.1,17939,25364144,1366,INE456C01012
DHAMPURSUG,EQ,181,189.7,180,188.05,188,180.75,501194,93283894.9,8399,INE041A01016
DHANBANK,EQ,37,38.1,36.3,37.15,36.95,37.05,907705,33882063.2,2060,INE680A01011
DHANUKA,EQ,856,874.9,840,847.35,843.15,873.45,25775,21975073.1,1319,INE435G01025
EDUCOMP,EQ,8.15,8.35,8,8.05,8.05,8.15,238687,1932513.8,389,INE216H01027
EICHERMOT,EQ,26699.95,27310,26400,27224.85,27141,26661.05,43231,1166603838.9,15615,INE066A01013
EIDPARRY,EQ,296,303,294,296.55,296.7,297.8,186861,55845664.6,2625,INE126A01031
EIHAHOTELS,EQ,357.1,357.1,343.25,353.1,356,343.35,1920,680993.75,35,INE276C01014
EIHOTEL,EQ,136.5,137.8,133.6,136.85,137,136.95,64648,8838878.05,467,INE230A01023
EIMCOELECO,EQ,596.1,614.95,580.65,587.25,581,599.7,3698,2192461.65,223,INE158B01016
EKC,EQ,32.5,33.5,32.3,32.65,32.65,32.55,83120,2731361.9,552,INE184H01027
ELAND,EQ,21,22.95,20.65,22,22.15,21.45,40983,897232.15,247,INE311H01018
ELECON,EQ,56.1,56.65,55.1,56.05,56.1,56.1,81139,4552380.65,995,INE205B01023
ELECTCAST,EQ,29.1,29.55,28.7,29.15,29.05,29.25,383722,11176194.05,1088,INE086A01029
ELGIEQUIP,EQ,237.65,240.45,234,235.65,234,237.7,51214,12140951.5,485,INE285A01027
ELGIRUBCO,EQ,44.25,45,43.6,44.65,45,44.4,26705,1183169.7,150,INE819L01012
EMAMIINFRA,EQ,134.15,140.15,131,140.15,140.15,133.5,188606,26232476.3,941,INE778K01012
EMAMILTD,EQ,1070,1075.4,1055,1060.3,1063,1073.85,91430,97504830.75,5324,INE548C01032
EMCO,EQ,23.55,23.7,23.05,23.2,23.3,23.65,85543,1998659.8,352,INE078A01026
EMMBI,EQ,186.05,186.25,180.5,183.35,186,186.2,10721,1971703.05,680,INE753K01015
ENDURANCE,EQ,885,895.6,871.35,887.05,887.3,889.85,100918,89369536.65,7219,INE913H01037
ENERGYDEV,EQ,30.9,30.9,28.85,29.15,29.1,30.35,255807,7421046.6,689,INE306C01019
ENGINERSIN,EQ,153.75,154.4,152.55,153.15,153,154.35,2068662,317453467.75,14355,INE510A01028
ENIL,EQ,890.5,915,872.05,906.5,909.1,887.7,7620,6804754.6,535,INE265F01028
EQUITAS,EQ,151.4,151.6,147.65,149.1,148.9,150.95,1085772,162149528.45,9477,INE988K01017
EROSMEDIA,EQ,214.05,220.25,211.75,215.3,215.45,215.4,485646,105415640.85,7817,INE416L01017
ESABINDIA,EQ,610.6,614.95,604.45,611.6,608.05,606.2,3379,2061326.1,50,INE284A01012
ESCORTS,EQ,644.9,658.8,635,654.55,655.3,650.7,1791112,1162321543.3,32893,INE042A01014
FCSSOFT,EQ,0.25,0.25,0.2,0.25,0.25,0.2,259393,58205.75,80,INE512B01022
FDC,EQ,183.6,183.6,180,181.25,180.55,184.1,14464,2628357.8,429,INE258B01022
FEDDERELEC,EQ,69.3,69.55,68.45,68.8,68.55,69.3,30147,2074016,404,INE249C01011
FEDERALBNK,EQ,112.5,113.4,111.05,111.95,111.8,112.6,11606357,1301177854.4,32301,INE171A01029
FEL,EQ,31.15,33,31,31.95,32,31.4,645163,20815968.9,2089,INE623B01027
FELDVR,EQ,28.1,29,28.05,28.25,28.15,28.2,7948,226279.95,76,IN9623B01058
FIEMIND,EQ,884.2,884.25,874,876.55,875.1,880.15,13037,11453903.45,805,INE737H01014
FILATEX,EQ,140.5,143.45,138.1,139.1,138.25,141.95,123917,17310407,587,INE816B01019
FINCABLES,EQ,474.05,478.45,465.05,467.5,465.55,476.85,67490,31713726.45,2802,INE235A01022
FINPIPE,EQ,603.7,609,601.05,601.95,601.7,601.4,32532,19638505.15,911,INE183A01016
FLEXITUFF,EQ,117.25,119,117.1,118.4,118.2,119.2,2091,247554.3,1048,INE060J01017
FLFL,EQ,296,309.45,295.95,304.2,301,299.9,79973,24327620.55,2953,INE452O01016
FMGOETZE,EQ,551,567.95,543.3,553.9,550,556,4825,2683256.8,709,INE529A01010
FMNL,EQ,70,71.95,68.5,70.75,70.75,69.5,23340,1644571.3,129,INE360L01017
FORTIS,EQ,166.65,171.85,165.5,167,167.45,165.25,9996688,1687072869.9,45395,INE061F01013
FOSECOIND,EQ,1356,1376.9,1356,1356.8,1356,1356.1,201,272945.9,54,INE519A01011
FRETAIL,EQ,356,388.95,350,363.95,365.8,354.95,691504,257478994.8,23786,INE752P01024
FSL,EQ,31.6,32.65,31.5,32.05,32.25,31.75,1132131,36217091.75,2966,INE684F01012
GABRIEL,EQ,148.05,150,146.15,146.65,146.4,149.9,80819,11940525.75,1295,INE524A01029
GAEL,EQ,124.05,125.8,122,122.7,123,125.2,46191,5723910.1,799,INE036B01022
GAIL,EQ,362.4,367.5,355.1,356.05,355.8,359.7,3167738,1142051460.75,44900,INE129A01019
GAL,EQ,6.75,7.4,6.65,6.85,6.85,6.8,204185,1440817.95,226,INE482J01021
GALLANTT,EQ,40,40.75,39.4,40.35,40.15,40.35,63358,2575354.4,127,INE297H01019
GALLISPAT,EQ,204.35,210,202.3,207.55,210,202.15,3284,677873.6,93,INE528K01011
GAMMNINFRA,EQ,4.05,4.15,3.9,3.95,3.95,4,599037,2407142.3,391,INE181G01025
GAMMONIND,EQ,9,9.4,9,9.05,9.05,9.05,464274,4221423.55,2275,INE259B01020
GANDHITUBE,EQ,325.9,333.7,324.6,327.75,327.1,329.7,1796,588995.6,99,INE524B01027
GANECOS,EQ,358.55,358.55,345,347.7,346.3,354.85,9575,3344265.1,312,INE845D01014
GANESHHOUC,EQ,109.1,109.1,105.6,107.45,107.15,109.3,48176,5176984.25,783,INE460C01014
GARDENSILK,EQ,29.6,30,28.4,29.3,29.55,28.6,50607,1491691.3,416,INE526A01016
GARWALLROP,EQ,815.2,828.7,801,817.55,823,820.35,21210,17264139.3,1985,INE276A01018
GATI,EQ,126.3,128.95,125.2,127.9,128,125.85,718231,91376988.1,8021,INE152B01027
GAYAPROJ,EQ,157.65,161.8,155.2,160.15,159.95,158.45,39161,6216939.1,912,INE336H01023
GDL,EQ,255.05,261.2,255.05,258.05,258.05,258.8,51745,13343869.35,3508,INE852F01015
GHCL,EQ,225.25,232.9,224.6,230.75,230.7,225.4,99456,22732050.35,1872,INE539A01019
GICHSGFIN,EQ,547.95,576.55,541.3,573.4,574,552.65,274199,155001776.2,8070,INE289B01019
GILLANDERS,EQ,66.9,66.95,64.7,65.3,64.7,65.95,12568,833049.4,30,INE047B01011
GILLETTE,EQ,4901.1,4918.7,4870,4902.5,4900,4906.15,2884,14129278.6,565,INE322A01010
GINNIFILA,EQ,54,63.95,52.65,62.4,62.15,54.25,2546756,152739472.4,13778,INE424C01010
GIPCL,EQ,110.55,113.5,109.4,111.8,112.5,110.05,226751,25409081.35,2064,INE162A01010
GITANJALI,EQ,61.2,62.2,60.65,61.55,61.8,61.25,181308,11154090.55,1574,INE346H01014
GKWLIMITED,EQ,432,432,418,421.05,421.05,420,60,25497.5,12,INE528A01020
GLAXO,EQ,2443,2478.9,2432,2464.3,2466.8,2475.5,11798,28927288.55,1556,INE159A01016
GLENMARK,EQ,628,633,627.15,629.65,629.1,627.9,455621,286953707.6,8434,INE935A01035
GLOBALVECT,EQ,147.15,166.4,146.55,161.7,162,149.05,390982,62833191.2,5963,INE792H01019
GLOBOFFS,EQ,33.05,34.2,33.05,33.65,33.8,33.05,34893,1175098.35,245,INE446C01013
GLOBUSSPR,EQ,68.9,70.95,67.45,68.75,68.55,69.15,75407,5231906.45,828,INE615I01010
GMBREW,EQ,421.4,437.9,421.4,425.8,425.85,426.1,14717,6313399.05,746,INE075D01018
GMDCLTD,EQ,137.55,146.9,136,145.45,146.8,137.4,726325,103578700.45,10804,INE131A01031
GMRINFRA,EQ,19.2,20.45,18.8,19.3,19.45,19.25,64165663,1260525287.35,32237,INE776C01039
GNA,EQ,229,236,227.15,231.2,231.75,230.95,35674,8269096.4,1060,INE934S01014
GNFC,EQ,261.7,268.65,259.2,266.5,268.65,262.6,435920,114972196.75,7933,INE113A01013
GOACARBON,EQ,229.9,254.55,225.6,250.15,254.55,231.45,1773362,431165539.35,27038,INE426D01013
GOCLCORP,EQ,394.05,412,390.2,409.05,409.9,394.45,7264,2936507.85,321,INE077F01035
GODFRYPHLP,EQ,1220,1257.95,1192,1222.95,1225.9,1219.4,202975,249567751.9,9559,INE260B01028
GODREJCP,EQ,974.95,974.95,936,939.1,940,968.75,633717,600130554.7,23563,INE102D01028
GODREJIND,EQ,624,624,609.4,618.2,616.95,619.3,345726,213321725.15,9027,INE233A01035
GODREJPROP,EQ,512.65,518,506,509.25,508.1,515,174772,89231544.55,13149,INE484J01027
GOKEX,EQ,82.15,83.45,81.4,81.55,81.5,82.55,60768,4997863.75,408,INE887G01027
HARITASEAT,EQ,744,760,735,742.4,744,723.6,14409,10708699.1,747,INE939D01015
HARRMALAYA,EQ,74,77.75,74,76,76.15,75.5,68142,5206474.5,816,INE544A01019
HATHWAY,EQ,36.55,38.25,35.75,37.05,36.8,36.35,272872,10105131.75,4188,INE982F01036
HATSUN,EQ,613,613,590.8,600.1,603,603.9,7379,4443275.85,351,INE473B01035
HAVELLS,EQ,472.5,473.9,459.45,462.4,461,470.1,991285,460518512.25,25109,INE176B01034
HBLPOWER,EQ,40.35,40.8,39.3,39.7,40,40.35,179438,7168105.15,943,INE292B01021
HCC,EQ,39.4,39.75,38.5,39.25,39.15,39,3142235,123250160.55,6864,INE549A01026
HCG,EQ,244.9,249.2,241.15,248.65,249.2,244.9,384017,94148530.3,1678,INE075I01017
HCL-INSYS,EQ,44.5,45.4,44.15,45.05,45.3,44.55,857003,38386908.25,3960,INE236A01020
HCLTECH,EQ,838.5,857.25,833.3,848.4,846.05,840.2,1238382,1050482877.7,42324,INE860A01027
HDFC,EQ,1656.5,1658.8,1623.1,1629,1624,1651.05,1683069,2756190358.45,96590,INE001A01036
HDFCBANK,EQ,1665,1675,1657.8,1666.45,1666.5,1667.65,1112259,1853114829.75,33276,INE040A01026
HDFCMFGETF,EQ,2662.5,2674,2645.3,2645.55,2645.55,2663.15,537,1426155.1,117,INF179K01CN1
HDFCNIFETF,EQ,965,965,964.7,964.7,964.7,968.46,201,193964.7,2,INF179KB1KP3
HDFCSENETF,EQ,3169.55,3169.55,3169.55,3169.55,3169.55,3250,1,3169.55,1,INF179KB1KQ1
HDIL,EQ,85.45,88.8,85.05,87.8,88.15,85.3,15352657,1342182474.4,45214,INE191I01012
HEG,EQ,315,333,312.1,318.4,318,323.5,207077,66816513.9,7286,INE545A01016
HEIDELBERG,EQ,124.75,125.75,123.2,125.1,125.05,124.25,54703,6824926.15,966,INE578A01017
HERCULES,EQ,153.1,155,151.3,151.7,152.2,152.9,14656,2233256.15,376,INE688E01024
HERITGFOOD,EQ,1065,1094.8,1040,1047.9,1043.2,1071.75,41276,43951777.55,4523,INE978A01019
HEROMOTOCO,EQ,3681,3723.6,3667.05,3688.45,3688.4,3695.2,496312,1835577487.45,40066,INE158A01026
HESTERBIO,EQ,865,899.75,860,879.5,897,864.75,2207,1929850.2,142,INE782E01017
HEXATRADEX,EQ,18.6,19.7,18.6,18.85,18.8,18.8,5402,101047.95,29,INE750M01017
HEXAWARE,EQ,246,248.65,240.1,242.1,243.35,246.05,781335,190637552.05,12431,INE093A01033
HFCL,EQ,12.2,12.25,12,12.05,12.05,12.15,848357,10298035.35,792,INE548A01028
HGS,EQ,525,527.45,511.85,519.55,521.8,525.15,7860,4085717.05,458,INE170I01016
HIGHGROUND,EQ,14.6,14.95,14.15,14.45,14.4,14.5,1254387,18172904.55,1607,INE361M01021
HIKAL,EQ,206.7,208,202.1,202.75,202.8,204.25,14046,2865226.15,511,INE475B01022
HIL,EQ,935.95,962,924.05,946.9,948,935.1,11611,10979733.3,967,INE557A01011
HILTON,EQ,30.55,33,29.65,32.1,32.5,31.1,71462,2248499.8,486,INE788H01017
HIMATSEIDE,EQ,332.55,344,328.05,339.85,340,332.3,181441,61285911.25,5894,INE049A01027
HINDALCO,EQ,188,190.4,185.8,189.85,190,187.75,8184171,1543653222,57784,INE038A01020
HINDCOMPOS,EQ,575.05,595,575,584.8,580,584.85,5566,3236826.5,438,INE310C01029
ICICIBANK,EQ,288.75,293.3,288.75,290.35,289.95,287.9,17157094,4992441139.3,94651,INE090A01021
ICICIPRULI,EQ,438.25,459.75,435.85,457.55,457.8,440,808440,364395664.4,31924,INE726G01019
ICIL,EQ,165.3,169.6,161.4,168.55,168.1,165.6,566133,94176296.3,7220,INE483B01026
ICRA,EQ,3992.05,4036,3992.05,4028.6,4030,4032.25,4201,16881390.8,729,INE725G01011
ICSA,EQ,2.65,2.7,2.65,2.65,2.65,2.65,5595,14854.25,18,INE306B01029
IDBI,EQ,55,55.4,53.8,54.05,53.9,55.15,5005534,272881590.9,17886,INE008A01015
IDBIGOLD,EQ,2650,2650,2640,2641,2641,2642,25,66073,3,INF397L01554
IDEA,EQ,81.75,84.3,80.7,83.5,83.95,81.15,8073979,664319088.2,22813,INE669E01016
IDFC,EQ,54.3,55.75,54.3,55.6,55.7,54.95,4481435,247289606.4,7320,INE043D01016
IDFCBANK,EQ,55.3,55.95,54.8,55.3,55.25,55.7,9143866,506166589.75,27629,INE092T01019
IDFNIFTYET,EQ,95.39,95.63,95.39,95.63,95.63,95,40078,3832640.42,6,INF194KA1U07
IFBAGRO,EQ,418.05,433.7,418.05,422,422.7,423.8,12290,5214729.35,687,INE076C01018
IGL,EQ,1041.1,1051.45,1030.2,1036.15,1037.05,1052.2,173255,180245017.15,5743,INE203G01019
IGPL,EQ,396,396,387.65,391.55,391,396.65,27953,10929472,985,INE204A01010
IIFL,EQ,571.05,574.75,552.1,557.2,555.5,576.95,154060,86277896.2,7228,INE530B01024
IITL,EQ,70,72.95,70,70.05,70.05,72.85,191,13866.7,5,INE886A01014
IL&FSENGG,EQ,43.8,45,42.8,43.2,43.7,44.1,86276,3752809.6,574,INE369I01014
IL&FSTRANS,EQ,95.6,96.95,94.2,94.65,94.6,95.25,87536,8346852.1,867,INE975G01012
IMFA,EQ,520,520,490.85,507.8,503.3,497.45,210381,107343029.6,5906,INE919H01018
IMPAL,EQ,782,800,782,798.4,799.95,795,222,177471.1,22,INE547E01014
IMPEXFERRO,EQ,1.15,1.25,1.15,1.2,1.2,1.2,3676,4437.45,10,INE691G01015
INDBANK,EQ,16.7,16.7,15.7,15.7,15.7,16.4,50641,803042.15,178,INE841B01017
INDHOTEL,EQ,128.15,128.8,127.55,128.1,128.1,129.65,266422,34119425.8,7624,INE053A01029
INDIACEM,EQ,187.95,192.75,185.25,191,191.8,188.85,4568395,868554100.75,25184,INE383A01012
INDIAGLYCO,EQ,187.75,191.8,184.4,185.1,185.2,186.15,203557,38360902.8,2900,INE560A01015
INDIANB,EQ,270,284.6,269,281.8,281.75,275.85,1977684,554341357.15,19170,INE562A01011
INDIANCARD,EQ,189.9,194.8,189.9,194.1,193.3,188.7,8054,1556338.8,193,INE061A01014
INDIANHUME,EQ,481,508,478.1,498.3,494.2,486.7,43921,21901942.85,2285,INE323C01030
INDIGO,EQ,1218,1274.75,1207.55,1264.9,1271.05,1218.25,537883,670490704.75,20872,INE646L01027
INDLMETER,EQ,97,97,92.3,95.15,95.95,95,1242,118502.05,36,INE065B01013
INDNIPPON,EQ,620,644.9,614.15,627,630,627.85,1594,1003169.8,136,INE092B01017
INDOCO,EQ,187.95,187.95,182.3,186.25,186.75,182.3,10975,2028530.95,448,INE873D01024
INDORAMA,EQ,29.35,30,28.1,29.35,29.4,29.65,24490,712167.5,157,INE156A01020
INDOTECH,EQ,180.6,185,176.8,183.25,185,180.05,23211,4188735.1,411,INE332H01014
INDOTHAI,EQ,32.4,33.35,31,31.5,31.45,32.5,7795,245655.1,70,INE337M01013
INDRAMEDCO,EQ,52.95,52.95,52.2,52.3,52.4,52.7,59359,3113251.25,341,INE681B01017
INDSWFTLAB,EQ,36.2,37.4,35.55,36.5,36.45,35.35,283183,10332748.15,118,INE915B01019
INDSWFTLTD,EQ,7.15,7.7,7.15,7.65,7.65,7.4,7007,52586.35,16,INE788B01028
INDTERRAIN,EQ,194.45,197,187,192.3,192,195.4,141906,27075627.6,798,INE611L01021
INDUSINDBK,EQ,1486.05,1499,1463.15,1490.65,1497.25,1490.15,972763,1436902657.35,69353,INE095A01012
INEOSSTYRO,EQ,830,830,809.3,813.1,815,815.1,7796,6353850.6,411,INE189B01011
INFIBEAM,EQ,1050.2,1059,1037.35,1044.65,1042.65,1049.85,486360,509124437.3,6598,INE483S01012
INFINITE,EQ,209.65,209.65,205.7,206.5,205.7,207.9,6027,1245879.9,174,INE486J01014
INFRABEES,EQ,321.99,325.17,321.99,323,323,323.5,331,107287.77,7,INF732E01268
INFRATEL,EQ,372.6,379.95,371.1,376.45,379.3,373.3,1768602,660848264.6,33839,INE121J01017
INFY,EQ,932.8,933,921,924.7,924,927.05,2952612,2733310088.65,98295,INE009A01021
INGERRAND,EQ,831.5,850.95,827,844.6,841.5,831.55,8551,7167203.95,733,INE177A01018
INOXLEISUR,EQ,266.35,268.55,260.45,262.3,260.45,269.3,51677,13704128.65,1406,INE312H01016
INOXWIND,EQ,139.8,143.65,137.8,142.5,142.3,138,226348,31997712.15,3007,INE066P01011
INSECTICID,EQ,652,656.9,626.5,629.65,627.75,651.85,21580,13929080.4,1071,INE070I01018
INTELLECT,EQ,120.1,122.4,119.7,120.35,120.2,120.8,169102,20412888.9,2796,INE306R01017
INTENTECH,EQ,121.8,124.6,120,120.7,121,121.8,28748,3499291.85,348,INE781A01025
INVENTURE,EQ,12.3,12.85,12.3,12.5,12.5,12.4,52818,660550.4,42,INE878H01016
IOB,EQ,24.75,25,24.6,24.8,24.8,24.8,562910,13926177.15,1693,INE565A01014
IOC,EQ,387.2,399.8,385.85,387.15,386.6,390.4,4919086,1933956487.4,55045,INE242A01010
IOLCP,EQ,50,50.4,48.55,49.1,49,49.4,23494,1155374.55,297,INE485C01011
IPAPPM,EQ,293.05,295.95,292.5,293.1,293.15,292.4,10518,3089883.75,214,INE435A01028
IPCALAB,EQ,479,481.9,473,480.1,480,477.15,109920,52674033.7,4390,INE571A01020
IRB,EQ,207.4,208,203.5,206.65,207,207.55,1247877,257169513,13013,INE821I01014
JETAIRWAYS,EQ,549.3,572.5,544.4,569.35,571.8,552.3,2742480,1538596694.75,34619,INE802G01018
JHS,EQ,71.9,72,68.15,69.85,69.5,70.9,140592,9946083.05,1068,INE544H01014
JINDALPHOT,EQ,68.6,71.6,68.6,69.05,69,70.05,11988,834785.45,137,INE796G01012
JINDALPOLY,EQ,364.25,382,354,376.9,375,364.3,214493,79506687.6,7298,INE197D01010
JINDALSAW,EQ,81.7,85.4,81.15,84.25,83.95,82.3,983572,82471278.45,7031,INE324A01024
JINDALSTEL,EQ,115.8,119.8,115.8,119.35,119.8,116.95,4730328,557600230.15,17831,INE749A01030
JINDCOT,EQ,12,12.4,11.9,12.25,12.4,12.15,28571,344057.15,72,INE904J01016
JINDRILL,EQ,145,145,142.55,143.8,144,145,19888,2848574.2,521,INE742C01031
JINDWORLD,EQ,589.25,614,589.25,602.2,601.8,589.25,51734,31149406.95,2029,INE247D01013
JISLDVREQS,EQ,65.4,67.35,65.35,65.75,66,65.35,40401,2667527.55,299,IN9175A01010
JISLJALEQS,EQ,101.65,104.3,101.4,103.35,103.25,102.7,5570057,573473453.45,24227,INE175A01038
JKCEMENT,EQ,934.5,947.9,934.5,943.9,941.1,946.75,17175,16201638.6,727,INE823G01014
JKIL,EQ,282,291,281,289.55,288,284.2,59108,17005713.85,1921,INE576I01022
JKLAKSHMI,EQ,493.8,494.7,481.5,484,483,493.3,26726,13008870.95,3383,INE786A01032
JKPAPER,EQ,91.5,93,89.85,90.55,90,92.85,410137,37501043.05,4892,INE789E01012
JKTYRE,EQ,158.2,161.9,155,161,161,158.9,1444451,229672240.6,14767,INE573A01042
JMA,EQ,227.2,227.25,224.5,226.5,224.5,227.25,323,73335.75,10,INE412C01015
JMCPROJECT,EQ,272,276.45,270.05,271.7,271.1,274.55,19880,5432243.35,240,INE890A01016
JMFINANCIL,EQ,114.75,116.95,114.05,115.7,116.1,115.9,407950,47231505.55,3351,INE780C01023
JMTAUTOLTD,EQ,6.95,7.05,6.35,6.85,6.8,6.85,988197,6521324.35,1512,INE988E01036
JOCIL,EQ,173.1,174.3,169.25,172.25,173.2,173.85,13641,2350673.95,207,INE839G01010
JPASSOCIAT,EQ,21.8,21.95,19.55,20.05,20.1,21,185475558,3832057095.75,98408,INE455F01025
JPINFRATEC,EQ,17.35,17.85,15.6,16.6,16.75,14.9,34167208,574594314.45,32031,INE099J01015
JPOLYINVST,EQ,73.5,73.5,65.35,68.7,69.25,72.8,43691,2983002.1,698,INE147P01019
JPPOWER,EQ,5.6,5.9,5.2,5.25,5.25,5.4,23010660,126914486.75,8263,INE351F01018
JSL,EQ,71,73.6,70.2,71.9,72.1,70.9,252324,18262504.45,1211,INE220G01021
JSLHISAR,EQ,120.05,124,119.05,121.3,123.4,121.5,111573,13482009.9,679,INE455T01018
JSWENERGY,EQ,63.1,64.1,62.65,63.2,63.25,63.15,3963612,251381083.95,7292,INE121E01018
JSWHL,EQ,1685.05,1750,1685.05,1708.95,1712.1,1697.7,4749,8105785.05,178,INE824G01012
JSWSTEEL,EQ,194.25,198.5,192.8,197.55,197.2,194.05,4779335,937739836.4,52012,INE019A01038
JUBILANT,EQ,669.4,694.4,660.5,690.7,691,666.6,464624,315203122.35,21409,INE700A01033
JUBLFOOD,EQ,921.05,942,915.05,938,942,929,316313,295547578.45,8600,INE797F01012
JUBLINDS,EQ,243,249.8,241,245.15,245,244.5,31538,7740081.65,1120,INE645L01011
JUNIORBEES,EQ,262.8,264.69,262.05,263.9,263.85,262.68,13044,3435206.76,167,INF732E01045
JUSTDIAL,EQ,375.9,381.6,365,373.55,372.5,376.6,1241064,464350774.3,16520,INE599M01018
KOTAKBANK,EQ,983.75,983.75,967.85,972.2,974,974.75,1333766,1299419312.8,37444,INE237A01028
KOTAKBKETF,EQ,236.31,237.53,235.01,236,236,236.2,24573,5796345.48,32,INF174K01F59
KOTAKGOLD,EQ,256,256,252.6,254.65,254.95,254.1,35986,9145741.85,190,INF373I01049
KOTAKNIFTY,EQ,954.5,958,952.11,953.89,954.23,955.64,35056,33449889.33,130,INF174K01518
KOTAKNV20,EQ,41,41.4,40.5,41.25,41.25,41.2,2152,88182.8,11,INF174K01Z71
KOTAKPSUBK,EQ,333,333.99,327,331.06,330,335.28,3843,1269513.4,143,INF373I01023
KOTARISUG,EQ,12.8,13.1,12.65,12.85,12.85,13.05,31335,402714.05,51,INE419A01022
KOTHARIPET,EQ,22.2,22.2,21.7,22.1,22.15,21.9,14202,312933.3,71,INE720A01015
KOTHARIPRO,EQ,191,198,184,190.25,191,187,5735,1085525.75,284,INE823A01017
KPIT,EQ,122.15,123.65,121.5,122.95,123.3,122.15,507466,62175575.05,8746,INE836A01035
KPRMILL,EQ,815,815,803,810.15,809,815.1,10151,8222750.7,524,INE930H01023
KRBL,EQ,383.35,383.35,375,376.95,376,381.5,45701,17307128.6,1097,INE001B01026
KRIDHANINF,EQ,70,72,68.15,69.8,69.9,69.45,148837,10450962.95,1177,INE524L01026
KSBPUMPS,EQ,680,804.95,680,770.45,765.05,687.1,279833,218166463.75,11714,INE999A01015
KSCL,EQ,645.3,661.45,642.25,653.25,655.85,647.7,802751,526275626.8,16666,INE455I01029
KSERASERA,EQ,0.2,0.2,0.1,0.15,0.15,0.15,2214966,357949.3,126,INE216D01026
KSK,EQ,8.65,9.15,8.15,8.7,8.7,8.5,696302,6128056.25,1302,INE143H01015
KSL,EQ,419.45,430,414.1,425.65,424.1,421.6,87760,37226930.55,2789,INE907A01026
KTIL,EQ,198.6,198.65,193.65,194.9,195.95,197.15,14441,2824604.5,474,INE096L01025
KTKBANK,EQ,159.8,162.5,158,161.85,161.9,160.75,1827608,294555012.3,11534,INE614B01018
KWALITY,EQ,150.7,154.6,148.2,150.15,149.3,151.45,1560879,237689641.5,8550,INE775B01025
L&TFH,EQ,136.1,141.85,134.6,141.15,141.2,136.55,4897216,682790819,31325,INE498L01015
LAKPRE,EQ,40.5,41,40,41,41,41.1,181,7323.1,10,INE651C01018
LAKSHMIEFL,EQ,37.25,39.5,37.25,38.05,38.25,38.1,431915,16541295.65,1183,INE992B01026
LAKSHVILAS,EQ,200,201.4,196.5,197.45,197,201.45,582234,115645533.85,3746,INE694C01018
LALPATHLAB,EQ,819.65,819.65,790.55,799.85,803.1,818.5,147248,117563097.8,18528,INE600L01024
LAMBODHARA,EQ,71.3,73,71.1,71.6,71.6,72.05,6959,499237.35,116,INE112F01022
LAOPALA,EQ,532.05,545,519,523,525.95,538,11055,5844096.15,759,INE059D01020
LAURUSLABS,EQ,612.95,615.4,606.05,610.3,609.9,612.95,147507,89868597.35,2445,INE947Q01010
M&M,EQ,1370,1375,1348.75,1356.05,1353,1370.3,827917,1124602077,28578,INE101A01026
M&MFIN,EQ,331,340.35,329.5,336.5,337.9,332,1495767,504288755.3,42092,INE774D01024
M100,EQ,18.48,18.48,18,18.01,18,18.29,11927,215903.88,136,INF247L01023
M50,EQ,90.5,90.5,89.5,89.5,89.5,90.9,828,74579.29,25,INF247L01536
MAANALU,EQ,179.95,179.95,168.2,175.6,174.5,175.1,5488,965443.9,96,INE215I01019
MADHAV,EQ,61.6,62.35,60.6,61.1,60.65,61.55,7760,476896.5,123,INE925C01016
MADHUCON,EQ,36.45,39.8,35.9,38.15,38.25,36.05,298633,11365273.8,2255,INE378D01032
MADRASFERT,EQ,23.5,23.5,22.5,22.85,22.75,22.85,34828,798153.8,145,INE414A01015
MAGMA,EQ,149,153.4,145.35,150.3,152.5,148.15,247828,36709424.2,5016,INE511C01022
MAGNUM,EQ,12.9,12.9,12.9,12.9,12.9,12.3,6022,77683.8,13,INE387I01016
MAHABANK,EQ,27.5,27.95,27.4,27.55,27.6,27.65,121071,3348716.95,649,INE457A01014
MAHASTEEL,EQ,59.3,72.1,55.95,71.7,72.1,60.1,162240,11043741.5,2081,INE451L01014
MAHINDCIE,EQ,231.95,235,228,229.4,229,230,56288,13046751.5,2067,INE536H01010
MAHLIFE,EQ,427.65,435.25,423.8,426.45,425,425.2,29877,12839332.2,768,INE813A01018
MAHSCOOTER,EQ,1874.95,1893.5,1864.55,1867.6,1865,1867.4,1698,3190866.65,121,INE288A01013
MAHSEAMLES,EQ,378.9,389.75,378.9,384.15,384,386.65,17533,6766416.2,779,INE271B01025
MAITHANALL,EQ,457.95,469.6,455.35,460.45,460.1,458.8,65104,30097095.95,3422,INE683C01011
MAJESCO,EQ,309.3,310,305.5,307.4,306.15,308.6,25846,7979305.25,719,INE898S01029
MALUPAPER,EQ,22.9,23.85,22.5,22.85,22.85,22.9,12959,300457.85,100,INE383H01017
MANAKALUCO,EQ,6.15,6.35,6.15,6.15,6.15,6.15,3555,21918.25,13,INE859Q01017
MANAKCOAT,EQ,9.1,9.3,8.8,8.9,9.1,9.05,22022,200082.05,57,INE830Q01018
MANAKSIA,EQ,70.1,76,70.1,73.35,73.3,72,32985,2400740.75,293,INE015D01022
MANAKSTEEL,EQ,20.8,21.3,19.05,20.5,20.1,20.25,332565,6692705.25,1504,INE824Q01011
MANALIPETC,EQ,36.45,37.1,36,36.3,36.6,36.5,218094,7966325.25,1528,INE201A01024
MANAPPURAM,EQ,92.25,96.35,92.15,94.5,94.5,93.65,4991716,473769143.8,20142,INE522D01027
MANDHANA,EQ,14.05,14.45,13.7,14.15,14.25,14.35,141337,1999501.25,323,INE087J01010
MANGALAM,EQ,156.1,162.8,156.1,158.85,159,159.05,33792,5404129.65,625,INE584F01014
MANGCHEFER,EQ,70.85,71.5,69,69.95,69,70.85,25322,1784425.6,268,INE558B01017
MANGLMCEM,EQ,356.05,363.5,353,356.5,362.5,355.75,5821,2072659.15,299,INE347A01017
MANGTIMBER,EQ,28.9,28.9,27,27.35,27.25,27.7,19501,535232.2,197,INE805B01012
NRAIL,EQ,277.6,284.8,277.25,283.05,284.3,280.6,10223,2881098.6,436,INE740D01017
NRBBEARING,EQ,126,126.95,122.3,124.05,124.5,126.55,31603,3961297.75,511,INE349A01021
NSIL,EQ,885,885,871.05,879.95,880,885.1,218,191856.6,10,INE023A01030
NTL,EQ,4.25,4.25,4,4.15,4.15,4.2,23329,96743,29,INE333I01036
NTPC,EQ,157.9,160.1,157.25,159.65,159.9,157.9,4215728,668703314.8,31299,INE733E01010
NUCLEUS,EQ,340,341,338.15,338.6,338.3,338.15,52897,17936718.6,2239,INE096B01018
NUTEK,EQ,0.7,0.75,0.7,0.75,0.75,0.75,28819,20660.3,347,INE318J01027
NV20IWIN,EQ,40.81,40.85,40.75,40.75,40.75,40.89,1445,58902.45,6,INF109KB1WY5
OBEROIRLTY,EQ,345,354.45,335.3,344.7,339.95,344.95,956919,333053938.75,10258,INE093I01010
OCCL,EQ,948.05,962,938,955.75,951,936.55,795,755294,130,INE321D01016
OCL,EQ,1140,1175,1131.05,1167.3,1170,1144.8,4302,4977013.3,446,INE290B01025
OFSS,EQ,3619.9,3619.9,3570,3589.2,3590,3579.35,31631,113555008.15,820,INE881D01027
OIL,EQ,270,272,263.1,264.75,265.5,268.75,607201,162327839.1,11119,INE274J01014
OILCOUNTUB,EQ,45.45,45.8,44.3,45.05,44.8,44.85,11559,522580.95,164,INE591A01010
OISL,EQ,4.25,4.3,4.25,4.3,4.3,4.2,29812,127116,57,INE196J01019
OMAXAUTO,EQ,72.3,72.75,71,71.95,71.5,72.7,85511,6193908.4,214,INE090B01011
OMAXE,EQ,204.35,205.5,203.85,204.35,205.2,204.45,617705,126310878.75,7421,INE800H01010
OMKARCHEM,EQ,78,81.9,75.5,76.15,76.45,78.6,157203,12193513.4,1454,INE474L01016
OMMETALS,EQ,48,48.1,46.15,46.8,47.3,47.4,34061,1588165.8,149,INE239D01028
ONELIFECAP,EQ,22.5,23,21.5,22.05,21.8,22.4,3003,66534.5,27,INE912L01015
ONGC,EQ,161.05,161.45,157.5,158.1,157.75,159.95,7419236,1180244500.65,52473,INE213A01029
ONMOBILE,EQ,67,70,66.1,68.3,67.75,65.1,541582,37021860.7,4094,INE809I01019
ONWARDTEC,EQ,83.5,83.5,79.75,80.75,80.5,79.85,11548,949495.15,65,INE229A01017
PETRONET,EQ,430.9,435.65,426.5,431.9,432,434.85,2373919,1026344783.55,64616,INE347G01014
PFC,EQ,121.35,125.5,120.7,124.4,124.6,121.9,5290827,654891399.05,44686,INE134E01011
PFIZER,EQ,1798.1,1825.35,1766.1,1818.3,1815.1,1786.95,12560,22675797.9,1313,INE182A01018
PFOCUS,EQ,105.5,109,105.5,108.3,109,105.95,14103,1518587.5,169,INE367G01038
PFS,EQ,39.25,39.25,38.65,38.85,39.05,39,629355,24479955.5,2390,INE560K01014
PGEL,EQ,245.15,249,241.8,245.3,245,247.35,50117,12289152.75,948,INE457L01011
PGHH,EQ,8000,8015.05,7966.2,8002.6,8008.5,8016.75,2093,16732533.6,1142,INE179A01014
PGIL,EQ,164.7,169.4,156,162.7,165,165.25,54704,8757005.75,1267,INE940H01014
PHILIPCARB,EQ,569.85,615.8,556.1,606.2,611.5,572.7,1075863,636325547.6,26617,INE602A01015
PHOENIXLL,EQ,234.9,234.9,223.95,228.9,231.45,226.45,11882,2705752.75,390,INE455B01016
PHOENIXLTD,EQ,452.95,454,447.5,450,450,455.05,159542,71834900.55,4329,INE211B01039
PIDILITIND,EQ,804.2,804.2,780.1,781.7,780.75,806.8,589694,465129141.75,22065,INE318A01026
PIIND,EQ,811.5,819.65,801,814.1,812,811.35,86997,70563691.9,4540,INE603J01030
PILITA,EQ,15,15,14.75,14.95,14.95,14.7,9665,143577.2,21,INE600A01035
PINCON,EQ,66.9,67,66,66.5,66.75,66.45,185613,12361802.8,1470,INE675G01018
PIONEEREMB,EQ,40,41.4,39.65,40.85,40.9,40.2,10165,412260,112,INE156C01018
PITTILAM,EQ,55,55.35,53.95,54.25,54.5,54.65,29716,1623037.9,206,INE450D01021
PKTEA,EQ,150.25,153.4,145.6,150,150,144,370,55675.5,14,INE431F01018
PLASTIBLEN,EQ,589.95,620,565.65,617.15,618.9,588.4,87035,52613648.15,4070,INE083C01022
PNB,EQ,134.4,138.25,132.65,136.5,136.6,137,10796349,1468875924.3,53240,INE160A01022
PTC,EQ,91.35,92.8,91.25,92.1,92.5,92.5,1209885,111438210.65,5748,INE877F01012
PTL,EQ,45.5,45.5,44.05,45.15,45.25,44.15,13416,600526,71,INE034D01031
PUNJABCHEM,EQ,319.15,325.55,315.4,320.15,323,318.2,12127,3871271.5,368,INE277B01014
PUNJLLOYD,EQ,18.55,18.8,18.25,18.45,18.45,18.5,631846,11727663.55,2175,INE701B01021
PURVA,EQ,63.65,64,63,63.4,63.75,63.65,147998,9412074.7,749,INE323I01011
PVP,EQ,5.1,5.25,5.05,5.1,5.15,5.15,116420,594254.4,199,INE362A01016
PVR,EQ,1451.35,1458.95,1393.35,1405.35,1410.85,1450.35,238384,338504377.45,13282,INE191H01014
QGOLDHALF,EQ,1294.25,1295,1290,1293.5,1293,1294.2,223,288429.55,74,INF082J01010
QUESS,EQ,899.9,909,888,896.25,893,898.85,33539,30177440.55,1307,INE615P01015
QUICKHEAL,EQ,209.3,212,208,208.5,208.4,206.8,198037,41538138.5,3882,INE306L01010
RADAAN,EQ,1.15,1.15,1.15,1.15,1.15,1.2,1000,1150,1,INE874F01027
RADICO,EQ,121,123.7,120.7,122.05,122.05,120.95,136907,16735975.4,1301,INE944F01028
RADIOCITY,EQ,346.1,353,346.05,351.45,353,349.3,10673,3736349.85,266,INE919I01016
RAIN,EQ,107,108.7,103.25,104.05,104,107.15,1321748,139756080.1,8858,INE855B01025
RAINBOWPAP,EQ,3.3,3.55,3.3,3.4,3.5,3.45,79106,277469.2,135,INE028D01025
RAIREKMOH,EQ,101.5,107.75,100.25,105.95,105,101.55,52500,5481089,252,INE313D01013
RAJESHEXPO,EQ,691.5,692.55,676,680.65,678.5,692.45,445788,304833703.1,11300,INE343B01030
RAJOIL,EQ,1.3,1.35,1.25,1.3,1.3,1.3,26816,34716.55,23,INE294G01018
RAJSREESUG,EQ,50.5,52.8,50.35,51.35,51.4,50.45,26478,1369076,281,INE562B01019
RAJTV,EQ,54.3,57.75,54.3,55.4,55.4,56.3,5938,332183.35,122,INE952H01027
RAJVIR,EQ,41,41,41,41,41,39.95,2,82,1,INE011H01014
RALLIS,EQ,235.6,244.6,235.6,239.3,239.4,239.05,115229,27685371.9,1984,INE613A01020
RAMANEWS,EQ,24.8,25.8,24.25,24.45,24.3,25,40660,1002914.75,189,INE278B01020
RAMASTEEL,EQ,126.05,127.55,125,125.1,125.5,126.6,19620,2471704.45,194,INE230R01027
RAMCOCEM,EQ,680.45,692.45,670.7,682.65,680,680.7,164679,112822042.65,6532,INE331A01037
RDEL,EQ,59.95,59.95,58.25,58.5,58.55,60,1456821,85674629.55,6904,INE542F01012
RECLTD,EQ,167.8,172.75,167.25,171.7,171.35,169.25,6196541,1057977282.95,56494,INE020B01018
REDINGTON,EQ,128.7,132.5,127.55,128.7,129,127.7,75498,9798859.25,3189,INE891D01026
REFEX,EQ,15.65,15.85,15.3,15.55,15.55,15.55,29791,465388.6,72,INE056I01017
REIAGROLTD,EQ,0.3,0.3,0.25,0.3,0.3,0.3,2099791,604867.35,110,INE385B01031
RELAXO,EQ,483.15,483.9,470.45,475.15,476,486.5,11173,5338991.05,379,INE131B01039
RELCAPITAL,EQ,654,660,645.65,651.45,649.1,658.4,2390070,1559177106.75,33955,INE013A01015
RELCNX100,EQ,99.63,100.43,99.63,100.43,100.43,99.78,554,55207.02,2,INF204K014N5
RELCONS,EQ,44.54,44.95,44.31,44.85,44.9,44.98,2204,98246.34,11,INF204KA1LD7
RELDIVOPP,EQ,25.52,25.56,25.5,25.5,25.5,25.29,239,6106.5,5,INF204KA1MS3
RELIANCE,EQ,1439.95,1439.95,1395.55,1398.5,1399.8,1437.15,3558538,5012497439.8,96283,INE002A01018
RELIGARE,EQ,174.05,177.35,173.15,173.7,173.3,175.5,8562,1493158.55,257,INE621H01010
RELINFRA,EQ,503.1,508,498.1,503.8,503.2,503.55,1314849,662330332.05,28145,INE036A01016
REMSONSIND,EQ,52.2,57.95,52.2,57,57,55.5,12,688.7,3,INE474C01015
RENUKA,EQ,12.5,12.65,12.45,12.5,12.5,12.45,610928,7663829.4,905,INE087H01022
REPCOHOME,EQ,836.95,836.95,798.95,810.3,808.6,827.85,225570,183105672.9,13569,INE612J01015
REPRO,EQ,432,439.95,423.7,429.85,433.5,436.35,4300,1859738.65,196,INE461B01014
RESPONIND,EQ,87.8,87.8,83.2,85.1,85.5,84.4,1829,153974.5,90,INE688D01026
REVATHI,EQ,757,767.95,757,757.45,757,767.35,520,394551.1,44,INE617A01013
RICOAUTO,EQ,51.4,51.45,50.6,50.9,51.25,50.7,148334,7564636.5,1248,INE209B01025
RIIL,EQ,434,434,427.05,428.55,427.85,434.35,167637,72058666.35,5796,INE046A01015
RJL,EQ,172.1,174,169.3,169.95,169.6,172.45,11402,1952869.05,296,INE722H01016
SAIL,EQ,56.5,57.45,56.15,57.05,57.1,56.45,3812635,217142025.65,20768,INE114A01011
SAKHTISUG,EQ,27.85,28.1,26.6,26.75,26.7,27.5,160017,4344645.55,989,INE623A01011
SAKSOFT,EQ,212.2,216,212.2,214.3,213.45,216.1,636,136398.95,38,INE667G01015
SAKUMA,EQ,74.45,76.4,72.8,73.85,74,74,60011,4456615.05,942,INE190H01016
SALORAINTL,EQ,49.55,50.8,49.55,50.75,50.8,49.55,280,13997.75,7,INE924A01013
SALSTEEL,EQ,5.4,5.8,5.35,5.65,5.8,5.5,28486,158796.75,79,INE658G01014
SALZERELEC,EQ,197,200.45,195.25,199.1,200,197.05,20173,3992911.3,613,INE457F01013
SAMBHAAV,EQ,7.7,9,7.65,8.6,8.75,8.5,47508,411154.6,100,INE699B01027
SANCO,EQ,106.9,109.8,106.9,109.3,107,107,13006,1418724,21,INE782L01012
SANDESH,EQ,884,886,855,871,860,869.6,1819,1581495.35,156,INE583B01015
SANGAMIND,EQ,260.5,265.9,255.15,262.15,260.5,261.45,2823,734719.45,190,INE495C01010
SANGHIIND,EQ,82.45,85.95,81.85,84.5,84,82.5,515676,43661151.5,2249,INE999B01013
SANGHVIFOR,EQ,39.05,40.4,39.05,40.1,40.15,39.05,1054,42357.6,12,INE263L01013
SANGHVIMOV,EQ,235.95,240.35,234.05,235.8,237.55,236.55,29166,6895669.65,707,INE989A01024
SANOFI,EQ,4198.85,4380.9,4080.1,4148.65,4130,4132.9,2551,10697121.3,972,INE058A01010
SANWARIA,EQ,15.25,15.7,14.6,14.7,14.75,15.3,1699877,25614309.65,1685,INE890C01046
SARDAEN,EQ,247.6,251,246.65,250.1,250,249.85,42785,10685517.25,771,INE385C01013
SAREGAMA,EQ,267,293.9,267,283.1,282.45,265.95,889713,252739843.9,16446,INE979A01017
SARLAPOLY,EQ,48.65,48.8,48,48.3,48.25,48.65,28748,1389103.35,272,INE453D01025
SASKEN,EQ,414,434.95,405.25,425.4,426,417.6,25838,10893958.55,1412,INE231F01020
SATHAISPAT,EQ,36,38.4,35.05,35.95,35.95,36.25,34837,1265437.4,243,INE176C01016
SATIN,EQ,273,279.8,271,273.05,272.5,273.45,72484,19902966.1,1487,INE836B01017
SBIN,EQ,277.6,278.45,273.75,276.4,276.25,279.65,17241351,4756142542.2,140286,INE062A01020
SCHAND,EQ,486.8,493.35,473.1,484.3,485.3,487.4,139250,67239487.8,5167,INE807K01035
SCHNEIDER,EQ,125.2,128.05,125.2,126,126,125.9,40449,5120921.5,677,INE839M01018
SCI,EQ,78.4,79.2,77.15,77.5,77.65,78,620162,48386473,4238,INE109A01011
SDBL,EQ,134.5,134.5,126.1,127.1,127.65,134.65,58360,7536254.9,720,INE480C01012
SEAMECLTD,EQ,147.1,161,145.95,157.45,160,146.7,335872,52500043.15,5453,INE497B01018
SEINV,EQ,152,156.7,149.15,152.2,151.95,150,346,52390.85,36,INE420C01042
SELAN,EQ,155,158,154.7,155.1,154.8,156.7,74666,11642992.65,1096,INE818A01017
SELMCL,EQ,3,3,2.95,2.95,2.95,3,57178,170127.55,33,INE105I01012
SENSEXIWIN,EQ,321.15,321.15,321.15,321.15,321.15,319.36,160,51384,16,INF346A01034
SEPOWER,EQ,7.75,8,7.65,7.9,7.9,8.1,2352,18407.3,10,INE735M01018
SEQUENT,EQ,119.95,119.95,116.35,117.1,117,117.95,20913,2457470.75,300,INE807F01027
SERVALL,EQ,3,3.1,2.8,2.8,3.05,3.15,5632,16010.9,8,INE431L01016
SESHAPAPER,EQ,757.4,759,748,750.05,748,755.2,15793,11856972.45,707,INE630A01016
SETCO,EQ,37.35,37.5,36.5,36.6,36.5,36.95,98607,3645466.95,700,INE878E01021
SETFGOLD,EQ,2625.55,2640.1,2613.15,2615.1,2615.55,2625.6,4316,11323211.1,2185,INF200K01099
SETFNIF50,EQ,96.03,96.19,95.75,95.97,95.96,96.06,7094,680372.23,37,INF200KA1FS1
SKIPPER,EQ,192.05,198.9,190.5,196,198.85,192.6,22136,4302767.85,632,INE439E01022
SMARTLINK,EQ,96.9,97.55,95.5,96.4,96.15,96.2,43873,4237399.95,308,INE178C01020
SMLISUZU,EQ,1235,1243.95,1221,1238.5,1240.3,1232.4,11769,14521515.3,710,INE294B01019
SMPL,EQ,1.7,1.75,1.55,1.55,1.55,1.7,351951,565074,164,INE215G01021
SNOWMAN,EQ,59.8,60.9,59.2,60.65,60.5,59,857065,51558735.65,6019,INE734N01019
SOBHA,EQ,374.15,375.95,365,366.1,366.7,373.6,88857,32867853.05,3292,INE671H01015
SOLARINDS,EQ,804.5,824.4,800.3,819.55,822,812.95,7079,5800164.8,592,INE343H01029
SOMANYCERA,EQ,780.05,783.7,765,771,770,770.65,2843,2190707,292,INE355A01028
SOMATEX,EQ,12.1,12.5,11.75,12.1,12.3,12.25,7612,92571.6,46,INE314C01013
SOMICONVEY,EQ,46,49.95,46,46.45,47,47.05,2469,114894.1,55,INE323J01019
SONASTEER,EQ,86.85,86.85,84.4,85.15,86.5,86.2,854714,73234465.4,1195,INE643A01035
SONATSOFTW,EQ,150,152,148.7,151.05,151.95,149.85,84122,12660682.55,2622,INE269A01021
SORILHOLD,EQ,37.1,39.1,36.25,38.35,38.3,37.25,428437,16428747.65,2224,INE126M01010
SORILINFRA,EQ,129.95,133.45,128.5,129.25,129.7,129.95,45114,5889195.35,693,INE034H01016
SOTL,EQ,1098.05,1158,1090.8,1128.75,1121,1118.6,1592,1808931,289,INE035D01012
SOUTHBANK,EQ,27.4,27.7,27,27.5,27.6,27.55,9484606,260341794.35,9138,INE683A01023
SPAL,EQ,451,458,448.5,450.8,450.9,451.95,14605,6607058.2,787,INE212I01016
SPARC,EQ,293.95,297.85,292.15,293.4,292.9,294.8,62900,18529050.7,2431,INE232I01014
SPCENET,EQ,0.45,0.45,0.4,0.4,0.4,0.45,14829,6121.6,6,INE970N01027
SPECIALITY,EQ,93.5,98,91.15,96.15,96,96.1,312039,30015514.6,1569,INE247M01014
SPENTEX,EQ,3.9,4,3.8,3.8,3.8,3.8,30401,118632.95,30,INE376C01020
SPHEREGSL,EQ,62.55,63.5,61.5,61.8,61.6,63.65,82342,5167382.15,462,INE737B01033
SPIC,EQ,25.55,26.1,25.2,25.7,25.7,25.5,221649,5675158.65,583,INE147A01011
SPICEMOBI,EQ,15.45,15.5,14.25,14.7,14.9,14.45,10513,154805.15,64,INE927C01020
SPLIL,EQ,20.2,21.4,20.2,20.55,20.35,20.95,4900,101101.85,42,INE978G01016
SPMLINFRA,EQ,129.4,130.8,125.4,126.3,125.65,126.05,74271,9497770.15,787,INE937A01023
SPYL,EQ,0.25,0.3,0.25,0.3,0.3,0.3,187673,54148.7,24,INE268L01020
TATACHEM,EQ,592,602.95,585,597.5,594,592.45,653181,387830056.55,12412,INE092A01019
TATACOFFEE,EQ,127.5,128.4,126.65,127.45,127.8,127.6,159173,20289202.2,3220,INE493A01027
TATACOMM,EQ,721,726,711,718.55,719.45,724.3,327179,234959497.45,11427,INE151A01013
TATAELXSI,EQ,1597.95,1612.8,1579.2,1594.9,1598.25,1588.5,415716,663529478.7,14569,INE670A01012
TATAGLOBAL,EQ,147.25,150.2,146.4,149.15,149,147.35,2135161,317141617.7,12426,INE192A01025
TATAINVEST,EQ,718,721,705.1,710.55,712.5,715.25,25204,17973509.6,1294,INE672A01018
TATAMETALI,EQ,706.9,717.4,701,702.85,701.35,702.45,145974,103541545.1,4283,INE056C01010
TATAMOTORS,EQ,443.9,446.8,440.15,442.5,442,442.3,4960238,2198547387.2,62049,INE155A01022
TATAMTRDVR,EQ,277,279,272.9,274.35,274.3,276.55,665549,183707967.15,13297,IN9155A01020
TATAPOWER,EQ,81.8,82,80.85,81.65,81.9,81.1,3192237,260130959.15,17579,INE245A01021
TATASPONGE,EQ,789,793.95,776,784.15,785.75,783.85,100493,78950945.7,4095,INE674A01014
TATASTEEL,EQ,512,522.85,509.4,520.6,521.95,510.9,6896090,3579679373.7,86351,INE081A01012
TBZ,EQ,85.25,86.8,84,85.1,85.3,85.7,68837,5882259.15,900,INE760L01018
TCI,EQ,292.95,295,287.65,290.4,291,291.45,61744,17944621.95,1660,INE688A01022
TCIDEVELOP,EQ,340.45,374.65,340.3,362.3,359.9,352.6,1112,390340.3,29,INE662L01016
TCIEXP,EQ,436.55,484,436.55,474.25,478,444.9,29747,13951442.45,1108,INE586V01016
TCIFINANCE,EQ,22.15,22.75,22.15,22.55,22.4,22.35,19824,446970.5,129,INE911B01018
TCS,EQ,2349.9,2358,2335,2350.05,2346.25,2342.85,894863,2099251693.65,46724,INE467B01029
TDPOWERSYS,EQ,213.2,218,213.2,217.2,216.45,215.85,57773,12517168.95,348,INE419M01019
TEAMLEASE,EQ,1327,1330,1303.1,1314.35,1312,1332.9,5228,6874072.8,1677,INE985S01024
TECHIN,EQ,4.75,5.25,4.75,5.25,5.25,5,860,4204,8,INE778A01021
TECHM,EQ,380.75,394,380,392.25,392,380.1,1883908,733021567.6,34648,INE669C01036
TECHNO,EQ,366,384,363,381.15,380,368.85,20971,7861691.45,1534,INE286K01024
TECHNOFAB,EQ,220.7,226.9,220.7,224.25,226,224.35,34166,7654187.05,351,INE509K01011
TEJASNET,EQ,265,273.9,263.75,269.35,269.25,263.5,1421224,383015202.25,21194,INE010J01012
TERASOFT,EQ,76.5,76.5,71.1,71.75,71.45,73.55,24862,1805756.3,321,INE482B01010
TEXINFRA,EQ,42.05,42.95,42.05,42.3,42.3,42.4,12107,512473.45,65,INE435C01024
TEXMOPIPES,EQ,20.75,22.05,20.7,21.65,21.75,20.9,94071,2002459.35,315,INE141K01013
TEXRAIL,EQ,88.1,89.3,88.05,88.2,88.1,89,119525,10580617.65,974,INE621L01012
TFCILTD,EQ,95,100.2,93.5,98.6,98.25,95,1415854,138471108.8,6286,INE305A01015
TGBHOTELS,EQ,57.3,57.7,55,56.55,57,55.7,56671,3196449.3,549,INE797H01018
THANGAMAYL,EQ,232.15,237.4,229.2,237.35,237.4,233.3,1211,283212.45,36,INE085J01014
THEMISMED,EQ,507.75,516,507.75,515,515,509.3,2724,1401981.45,59,INE083B01016
THERMAX,EQ,928.05,944.9,922.05,941.85,931.15,932.5,5752,5387795.35,1763,INE152A01029
THIRUSUGAR,EQ,56.95,57.75,55.65,55.95,56.15,55.55,9407,531005.35,141,INE409A01015
THOMASCOOK,EQ,225.9,230,225.15,228.2,228.5,224.3,117906,26888662.05,3303,INE332A01027
THYROCARE,EQ,706.1,724.8,706.05,720.45,718,714.95,17398,12457827.75,1112,INE594H01019
TI,EQ,11.65,12.5,11.3,11.95,12.05,11.5,346249,4174602.6,1064,INE133E01013
TIDEWATER,EQ,5847.45,5849,5800,5812.95,5825,5805.4,440,2558442.55,152,INE484C01022
TIIL,EQ,445.15,457.95,445.1,453.4,450.55,450.9,4032,1824531.65,228,INE545H01011
TIL,EQ,380,387.45,376.65,379.95,379.1,377.15,17111,6532366.05,474,INE806C01018
TIMESGTY,EQ,30.5,32.9,29.05,32.4,32.4,30.5,456,13842.05,6,INE289C01025
TIMETECHNO,EQ,151.6,158.8,150.2,154.25,153.6,153.35,309546,47833983.5,4902,INE508G01029
TIMKEN,EQ,644.05,683,642.75,676.05,673,648,22602,14986576.2,1198,INE325A01013
TINPLATE,EQ,89.4,90.6,88.9,89.75,90.15,88.4,307358,27569328.95,3009,INE422C01014
TIPSINDLTD,EQ,63,64.45,61.1,63.35,62.05,63.6,388,24283.25,31,INE716B01011
TIRUMALCHM,EQ,839.05,842,830.25,839.05,841.35,838.65,13250,11101966.8,1044,INE338A01016
TITAN,EQ,516.4,516.6,500.6,507.3,507,516,1545428,782829574.55,28373,INE280A01028
TMRVL,EQ,152.35,156.55,150.65,153.85,154.4,154.65,28975,4482035.45,406,INE759V01019
TNPETRO,EQ,39.7,41.65,39.15,41.05,41.05,40.15,125462,5132787.9,994,INE148A01019
TNPL,EQ,315,319.55,314,315.45,316.35,315.55,45621,14482105.75,921,INE107A01015
TOKYOPLAST,EQ,148.5,148.75,143.15,145.6,146.05,147.2,77430,11268996.2,1311,INE932C01012
TORNTPHARM,EQ,1187.5,1188.45,1151.05,1165.55,1167.4,1184.75,135381,157529966.65,9091,INE685A01028
TORNTPOWER,EQ,174,176.6,172.3,174.2,174.7,174.5,456158,79644524.45,6537,INE813H01021
TPLPLASTEH,EQ,510,523,477.75,494.6,490,507.15,1865,923353.25,127,INE413G01014
TREEHOUSE,EQ,14.3,14.85,14.3,14.4,14.4,14.65,44074,638594.5,192,INE040M01013
TRENT,EQ,234,237.65,233.95,234.9,234.75,235.9,247588,58173834.85,3822,INE849A01020
TRF,EQ,230.45,233.9,228,228.75,228,228.8,39855,9198114.45,2211,INE391D01019
TRIDENT,EQ,77.55,77.65,76.05,76.2,76.5,77.55,361081,27609955.45,3971,INE064C01014
TRIL,EQ,341.6,347.7,340,340.2,340,341,3420,1169960.35,232,INE763I01018
TRITURBINE,EQ,138.5,141.15,137.5,138.3,137.95,139.55,167492,23581300.15,449,INE152M01016
TRIVENI,EQ,68.3,70.5,68.05,69.2,69.3,68.8,209979,14561843.85,1337,INE256C01024
TTKHLTCARE,EQ,757,770,755,765.05,770,764.7,2479,1886333.8,135,INE910C01018
TTKPRESTIG,EQ,6693.2,6719.8,6601.2,6636.6,6601.2,6748.05,6170,41136655.1,3028,INE690A01010
TTML,EQ,6.55,7.5,6.55,7,6.95,6.45,7337157,52114265.45,6288,INE517B01013
TUBEINVEST,EQ,665.3,668.85,643.1,654.35,649.95,665.6,164873,108111813.15,4590,INE149A01025
TULSI,EQ,3.75,4,3.5,3.7,3.7,3.8,18652,69589.3,81,INE474I01012
TV18BRDCST,EQ,36.05,36.15,35.4,35.45,35.4,36.05,2586860,92436491.3,5587,INE886H01027
TVSELECT,EQ,184.3,184.3,178,179.05,179.8,182.8,63460,11425259.25,1337,INE236G01019
UFO,EQ,395.5,395.5,386.55,387.5,387.2,395.6,23883,9312254,1034,INE527H01019
UGARSUGAR,EQ,24.8,24.8,24,24.2,24.25,24.85,218905,5329694.7,928,INE071E01023
UJAAS,EQ,25.7,25.7,24.95,25.2,25.15,25.55,662245,16708111.3,3615,INE899L01022
UJJIVAN,EQ,298,304.65,296.4,298.9,298,298.95,1198799,360716488.5,19765,INE334L01012
ULTRACEMCO,EQ,3878,3966.3,3840.55,3958.25,3950.05,3877.9,261198,1027641482.45,32762,INE481G01011
UMANGDAIRY,EQ,80.55,82.9,79.5,81.05,82,80.55,28923,2339799.45,331,INE864B01027
UMESLTD,EQ,2.2,2.2,2.2,2.2,2.2,2.25,4124,9072.8,2,INE240C01028
UNICHEMLAB,EQ,257,262.45,255.2,260,259.05,258.25,30786,7978241.65,519,INE351A01035
UNIENTER,EQ,81.25,82.2,79.4,80,80,80.9,10884,875112.35,170,INE037A01022
UNIONBANK,EQ,141,146.9,140.5,145.95,146.85,142.5,3596801,520992210.7,21701,INE692A01016
UNIPLY,EQ,308,308,298,306.2,306.95,302.8,13354,4052904.8,330,INE950G01015
UNITECH,EQ,5.5,6.15,5.45,5.9,5.95,5.4,61618557,364854340.5,17864,INE694A01020
UNITEDBNK,EQ,18.9,19.15,18.6,18.95,19.05,18.8,278229,5256298.65,1000,INE695A01019
UNITEDTEA,EQ,301.05,309.95,301,305.9,304,310,311,94558.9,21,INE458F01011
UNITY,EQ,6.8,7.15,6.8,6.85,6.8,6.8,53748,373049.65,141,INE466H01028
UNIVCABLES,EQ,92.5,93.7,92,92.3,92.7,92.75,10816,1001329.75,132,INE279A01012
UPL,EQ,834,835.1,823,832.9,834.9,835.1,497427,412801718.7,20344,INE628A01036
URJA,EQ,0.9,0.9,0.85,0.85,0.85,0.9,409374,348177.95,167,INE550C01020
USHAMART,EQ,17.95,18.5,17.7,17.9,18,17.8,320649,5808345.9,742,INE228A01035
UTINIFTETF,EQ,972.25,972.25,972.25,972.25,972.25,972.25,1,972.25,1,INF789FB1X41
UTISENSETF,EQ,317.45,317.45,317.45,317.45,317.45,317.65,1,317.45,1,INF789FB1X58
UTTAMSTL,EQ,29.15,29.9,29,29.25,29.25,29.15,64712,1901284.7,349,INE699A01011
UTTAMSUGAR,EQ,118.5,122.2,117.1,121.4,121.55,119.8,34056,4127441.4,327,INE786F01031
UVSL,EQ,0.5,0.55,0.5,0.5,0.5,0.5,37482,19242.05,18,INE292A01023
V2RETAIL,EQ,247,248.7,239.15,242.4,243,248.9,74122,18065211.95,1326,INE945H01013
VADILALIND,EQ,804.8,818.9,779.2,797.9,795,805,28371,22697849.3,1674,INE694D01016
VAIBHAVGBL,EQ,519.9,534,505,521.25,520,516.55,16299,8518538.4,2116,INE884A01019
VAKRANGEE,EQ,407,419.5,406.2,411.5,411.5,409.7,1719706,709647955.55,29307,INE051B01021
VALUEIND,EQ,8.4,8.45,8.25,8.45,8.45,7.7,44551,375758.1,74,INE352A01017
VARDHACRLC,EQ,47.5,48,47.4,47.85,48,47.4,16568,789776.9,66,INE116G01013
VARDMNPOLY,EQ,53.3,53.95,53,53.35,53.55,53.3,55114,2947443.85,653,INE835A01011
VASCONEQ,EQ,37,37.95,36.5,36.9,37,36.9,526363,19535567.25,1938,INE893I01013
VASWANI,EQ,9.5,9.5,9.4,9.4,9.45,9.45,1300,12322.25,5,INE590L01019
VBL,EQ,502,523,501,512.75,518.75,505.55,118535,60837625.75,2102,INE200M01013
VEDL,EQ,237.3,244.15,236.1,242.55,242.05,237.15,8886418,2142719981.75,70655,INE205A01025
VENKEYS,EQ,1401,1446,1401,1433.7,1432,1420.65,44773,63991964.15,3647,INE398A01010
VENUSREM,EQ,90,91.95,89.85,90.85,90.65,91.4,38170,3466780.35,1163,INE411B01019
VESUVIUS,EQ,1214.05,1223,1200,1207.2,1211.2,1200.65,963,1162001.75,168,INE386A01015
VETO,EQ,180,185.3,178.2,180,179.7,181.5,192308,34788312.55,1648,INE918N01018
VGUARD,EQ,175,175.9,172.6,174.75,175,175.7,700130,122225799.85,7426,INE951I01027
VHL,EQ,3308,3379.95,3278,3307.4,3317,3330.85,469,1556340.25,175,INE701A01023
VICEROY,EQ,18.8,19,18.45,18.8,18.8,18.85,45434,848512.95,345,INE048C01017
VIDEOIND,EQ,19.15,19.15,19.15,19.15,19.15,18.25,50021,957902.15,126,INE703A01011
VIDHIING,EQ,58.3,58.6,56.6,56.9,57,59.2,29304,1680193.05,239,INE632C01026
VIJAYABANK,EQ,70.35,72.5,69.35,70.95,70.8,71.65,764783,54408009.65,4976,INE705A01016
VIJSHAN,EQ,19.2,22.1,18,20.55,20.5,18.45,1576449,33659527.15,4112,INE806F01011
VIKASECO,EQ,20.4,20.4,19.85,20.1,20.25,20.4,769727,15496973.05,1810,INE806A01020
VIMTALABS,EQ,140.9,142,137.3,140.35,141.35,140.95,125656,17601061.4,1730,INE579C01029
VINATIORGA,EQ,902.1,933.55,902.1,922.65,917.45,915.3,66024,61078501.6,1009,INE410B01029
VINDHYATEL,EQ,773.9,773.9,733.1,759.15,757.5,758.65,6474,4893765.6,561,INE707A01012
VINYLINDIA,EQ,69.1,71.7,69,70.85,71.5,69.95,31901,2248211.6,413,INE250B01029
VIPCLOTHNG,EQ,62.9,64.6,61.95,62.95,62.7,62.45,277103,17572029.7,1550,INE450G01024
VIPIND,EQ,187.35,187.35,179,180.75,179.15,186.4,143168,26131352.5,4130,INE054A01027
VIPULLTD,EQ,79.15,82.95,78.2,79,80.85,79.15,298002,24048131.65,1735,INE946H01037
VISAKAIND,EQ,503.8,531.8,500,508.95,508,504.15,203476,105273341.5,9972,INE392A01013
WHEELS,EQ,1311,1327.3,1311,1322.35,1320,1319.6,347,457778.55,55,INE715A01015
WHIRLPOOL,EQ,1129.85,1130,1109.05,1126.6,1125,1120.65,13796,15463051.6,1854,INE716A01013
WINDMACHIN,EQ,56.7,58.7,52.8,53.4,53.8,54.6,19678,1061358.1,218,INE052A01021
WINSOME,EQ,1.95,1.95,1.85,1.95,1.95,1.9,63567,123893.55,22,INE784B01035
WIPRO,EQ,258,259.4,254.25,258.4,258.85,256.55,1668027,428642911.6,20018,INE075A01022
WOCKPHARMA,EQ,587,592.8,579.35,587.75,587.55,586.35,1247367,731328444.05,18656,INE049B01025
WONDERLA,EQ,365.35,367.45,356,356.9,356.65,365.35,25303,9139847.15,988,INE066O01014
WSI,EQ,8.55,10.3,8.55,10.2,10.3,8.6,23941,243620.05,59,INE100D01014
WSTCSTPAPR,EQ,192.4,192.4,188.8,190.05,190,192.4,132466,25168408.35,1536,INE976A01021
XCHANGING,EQ,55.4,56.35,55.35,55.95,56.3,55.5,13597,760240.95,155,INE692G01013
XPROINDIA,EQ,48.6,51.7,48.4,50,50.15,49.2,54433,2702735.15,115,INE445C01015
YESBANK,EQ,1414.4,1459.05,1401.5,1449.7,1449.95,1415.5,2723464,3915788417.4,78084,INE528G01019
ZANDUREALT,EQ,1253,1255,1233,1240.4,1235.5,1241.85,461,573260.4,111,INE719A01017
ZEEL,EQ,490,490.95,480,484.55,484.1,491.8,3001156,1453068197.2,66834,INE256A01028
ZEELEARN,EQ,42.8,42.95,41.65,42.3,42.6,42.75,123554,5208889.2,873,INE565L01011
ZEEMEDIA,EQ,38.05,39.2,36.75,37.05,36.85,38.05,984518,37312241.45,2759,INE966H01019
ZENSARTECH,EQ,852.45,864.55,827.95,839.9,836.45,855.65,5277,4466891.5,614,INE520A01019
ZENTEC,EQ,48.85,51.2,48,50.3,50.6,48.8,129566,6441504,1005,INE251B01027
ZICOM,EQ,30.65,31.4,30.05,30.35,30.35,30.55,76817,2370180.75,628,INE871B01014
ZODIACLOTH,EQ,212,214.35,207.1,210.25,211.9,210,3127,657559.6,204,INE206B01013
ZODJRDMKJ,EQ,29.35,32.5,29.35,32.3,32.5,31.5,653,20220,10,INE077B01018
ZUARI,EQ,385.65,400,382.95,397.4,394.9,385.65,26804,10560857.75,1321,INE840M01016
ZUARIGLOB,EQ,131.1,131.5,130,130.75,131.5,131.65,5718,747882.3,76,INE217A01012
ZYDUSWELL,EQ,834.5,854.45,834.2,844.95,845,834.4,1798,1517624,353,INE768C01010
ZYLOG,EQ,3.65,3.95,3.65,3.75,3.7,3.75,34165,127951.1,104,INE225I01026
